product_id,total_watch_time,avg_watch_time,view_count,total_scaled,avg_scaled,count_scaled,engagement_score,rank,cluster
P0300,3989.14,49.248641975308644,81,1.0,0.7794096928747496,0.7916666666666667,0.8492638771498999,1,2
P0028,3903.63,52.0484,75,0.9666305043472833,0.8801673348463457,0.6666666666666667,0.8420560852427232,2,2
P0184,3818.58,52.30931506849315,73,0.9334405194886285,0.8895571416883585,0.625,0.823355012521932,3,2
P0298,3885.06,48.56325,80,0.9593837316391677,0.7547438186637214,0.7708333333333333,0.8209626469572389,4,2
P0169,3928.44,43.16967032967033,91,0.9763123800009367,0.5606397694653038,1.0,0.8171496217864025,5,0
P0233,3761.19,46.434444444444445,81,0.9110445967250987,0.6781324022119526,0.7916666666666667,0.7820663399023107,6,2
P0167,3721.54,46.51925,80,0.8955715467586595,0.6811843830361923,0.7708333333333333,0.7723952172420747,7,2
P0242,3527.39,51.87338235294118,68,0.8198062844387556,0.8738688028783883,0.5208333333333333,0.751739406482982,8,2
P0071,3610.17,45.698354430379744,79,0.8521104225527997,0.6516420078843306,0.75,0.7412899299195721,9,2
P0037,3378.07,55.378196721311475,61,0.761535519722773,1.0,0.375,0.7409606559168318,10,2
P0274,3512.79,49.475915492957746,71,0.8141087679315674,0.78758880818363,0.5833333333333333,0.7342681536529222,11,2
P0228,3564.39,44.004814814814814,81,0.8342451961350547,0.5906949343354955,0.7916666666666667,0.7240515325747146,12,0
P0067,3329.1,54.575409836065575,61,0.7424254249722929,0.9711093198591632,0.375,0.7236713554353531,13,2
P0147,3543.71,45.43217948717949,78,0.8261750152193935,0.6420629087649568,0.7291666666666667,0.7234276680718008,14,2
P0104,3554.67,42.3175,84,0.8304520550083513,0.5299718788052867,0.8541666666666667,0.7173743680246201,15,0
P0009,3528.4,44.663291139240506,79,0.820200427703979,0.614392168581505,0.75,0.7168169957437958,16,2
P0290,3544.36,43.22390243902439,82,0.8264286717762205,0.5625914736516908,0.8125,0.7167151909935424,17,0
P0027,3511.01,44.44316455696203,79,0.8134141392067186,0.6064702570555651,0.75,0.7116123445842416,18,2
P0243,3494.22,44.79769230769231,78,0.8068619952234518,0.6192289954401133,0.7291666666666667,0.7085001967430808,19,2
P0157,3318.53,52.67507936507937,63,0.7383005791174314,0.9027202606852189,0.41666666666666674,0.707578278009317,20,2
P0042,3440.08,47.778888888888886,72,0.7857343552440567,0.7265162449545652,0.6041666666666667,0.7075768045550431,21,2
P0187,3405.87,46.65575342465753,73,0.7723842155378299,0.6860968658537232,0.625,0.6936540110028382,22,2
P0032,3363.03,48.043285714285716,70,0.7556662972386557,0.7360313532020708,0.5625,0.689862430452425,23,2
P0212,3320.57,49.56074626865672,67,0.7390966704650112,0.7906416966299421,0.5,0.6879856797914802,24,2
P0198,3442.13,39.56471264367816,87,0.7865343490002031,0.4309046164111414,0.9166666666666667,0.6833221512645176,25,0
P0286,3399.05,43.02594936708861,79,0.7697227728954311,0.5554675420213915,0.75,0.6781038486771859,26,0
P0255,3295.18,47.75623188405797,69,0.7291884551144966,0.725700865067886,0.5416666666666667,0.6715368825615035,27,2
P0294,3375.15,42.189375,80,0.7603960164213354,0.525360918585239,0.7708333333333333,0.6695131723604961,28,0
P0055,3285.71,47.61898550724638,69,0.7254928742019576,0.7207616449014556,0.5416666666666667,0.6684525202211695,29,2
P0176,3341.08,44.54773333333333,75,0.7471005104350404,0.6102334763188402,0.6666666666666667,0.6682235436580483,30,2
P0018,3282.7599999999998,47.57623188405797,69,0.72434166367482,0.7192230282709411,0.5416666666666667,0.6674917104108224,31,2
P0247,3284.15,44.98835616438356,73,0.724884098465573,0.6260906029219022,0.625,0.6554014707084328,32,2
P0264,3337.32,39.26258823529412,85,0.7456332048140114,0.42003176857844493,0.875,0.6542026688755814,33,0
P0064,3287.23,44.42202702702703,74,0.7260860403040758,0.6057095600044011,0.6458333333333333,0.6538596360929831,34,2
P0265,3161.92,50.18920634920635,63,0.677184958556421,0.8132587068254715,0.41666666666666674,0.653458970297115,35,2
P0254,3334.75,38.776162790697676,86,0.7446302858124035,0.4025262983341278,0.8958333333333333,0.6531496050773722,36,0
P0091,3303.66,42.354615384615386,78,0.7324976975789458,0.5313075866063661,0.7291666666666667,0.6510223439162303,37,0
P0114,3312.21,41.402625,80,0.7358342569033608,0.4970473735852594,0.7708333333333333,0.6508192265051119,38,0
P0275,3291.83,42.202948717948715,78,0.7278811482446966,0.5258494093052364,0.7291666666666667,0.6474541081955036,39,0
P0231,3309.35,38.48081395348837,86,0.7347181680533225,0.39189728963629844,0.8958333333333333,0.6459243662705161,40,0
P0084,3243.24,45.044999999999995,72,0.7089193450197461,0.6281291002701035,0.6041666666666667,0.6451774436139652,41,2
P0250,3256.41,43.4188,75,0.7140588171019152,0.5696054436079274,0.6666666666666667,0.6420598225737455,42,2
P0195,3193.55,46.28333333333334,69,0.6895282768524734,0.6726942182342708,0.5416666666666667,0.6384361703494504,43,2
P0172,3145.68,48.39507692307692,65,0.6708474470443156,0.7486916089640119,0.45833333333333326,0.6382308776988994,44,2
P0248,3260.55,41.27278481012659,79,0.7156744142484742,0.4923746871425687,0.75,0.6366521991315698,45,0
P0203,3125.98,48.8434375,64,0.6631597021681782,0.7648272014278548,0.4375,0.6361287912215954,46,2
P0069,3181.71,44.190416666666664,72,0.6849078251096578,0.597374370477201,0.6041666666666667,0.6256720957237778,47,2
P0289,3077.94,48.85619047619048,63,0.644412531414389,0.7652861553080617,0.41666666666666674,0.6244382215475414,48,2
P0266,2930.69,53.28527272727273,55,0.5869495652716857,0.9246798885455945,0.25,0.6209568249997435,49,2
P0127,3148.77,44.98242857142857,70,0.6720532912913851,0.625877280812118,0.5625,0.6207168997122627,50,2
P0045,3121.2200000000003,45.23507246376812,69,0.6613021556904924,0.6349694247138986,0.5416666666666667,0.6148784165927073,51,2
P0221,3150.69,42.0092,75,0.672802553736166,0.5188767838914083,0.6666666666666667,0.6093914796774131,52,0
P0052,3150.82,41.45815789473684,76,0.6728532850475314,0.49904589041285474,0.6875,0.6077243416794013,53,0
P0273,3111.78,43.82788732394366,71,0.6576182820036528,0.584327670942405,0.5833333333333333,0.6060165529780578,54,2
P0019,3162.78,38.57048780487805,82,0.6775205656931459,0.39512447060438616,0.8125,0.6050559579496982,55,0
P0214,3079.72,45.29,68,0.6451071601392379,0.6369461559103897,0.5208333333333333,0.6045606104059272,56,2
P0177,3158.03,38.98802469135803,81,0.6756669216240264,0.41015078064506283,0.7916666666666667,0.604260388745233,57,0
P0190,3127.96,41.706133333333334,75,0.6639323790643586,0.5079700260844042,0.6666666666666667,0.6023677241530694,58,0
P0256,3083.71,44.053,70,0.6466642211572983,0.5924290219224964,0.5625,0.599720875116188,59,2
P0259,3106.1,42.54931506849315,73,0.6554017139378424,0.5383144353651268,0.625,0.5994462883274034,60,0
P0202,3091.1,43.53661971830986,71,0.6495481010879914,0.5738455375338902,0.5833333333333333,0.5994026453399535,61,2
P0142,3141.4,38.782716049382714,81,0.669177216177825,0.40276213689107143,0.7916666666666667,0.5993580196097761,62,0
P0171,3063.62,45.05323529411765,68,0.6388242823470646,0.6284254718882647,0.5208333333333333,0.5992674734594252,63,2
P0086,3088.03,42.88930555555556,72,0.6483500616580554,0.5505500069634828,0.6041666666666667,0.5959750212828098,64,2
P0227,3017.57,46.42415384615385,65,0.6208536908980223,0.6777620643437894,0.45833333333333326,0.5948609330069224,65,2
P0234,2945.69,49.094833333333334,60,0.5928031781215367,0.7738744302043286,0.35416666666666674,0.5936407255181925,66,2
P0039,3071.73,43.26380281690141,71,0.6419891356945507,0.5640274077407117,0.5833333333333333,0.5932077038046498,67,2
P0170,3113.7400000000002,37.514939759036146,83,0.6583831540827,0.35713742631384227,0.8333333333333333,0.5903699167503469,68,0
P0117,3024.84,45.14686567164179,67,0.6236907419259169,0.6317950402484742,0.5,0.5898252386771647,69,2
P0291,2949.08,48.345573770491804,61,0.594126094625603,0.7469100903896748,0.375,0.5895018645435508,70,2
P0047,2955.08,47.66258064516129,62,0.5964675397655433,0.7223305459489728,0.39583333333333326,0.5866224803092521,71,2
P0063,2999.84,45.45212121212121,66,0.6139347205094986,0.6427805712073014,0.47916666666666674,0.5850426446357702,72,2
P0050,3052.47,41.81465753424657,73,0.6344730967953421,0.5118755930957086,0.625,0.582592166276886,73,0
P0220,2896.46,49.092542372881354,59,0.5735916207483259,0.7737919831603499,0.33333333333333326,0.5815942794886377,74,2
P0217,2874.05,49.55258620689656,58,0.5648463231506488,0.7903480324725236,0.3125,0.5793431099342041,75,2
P0132,3034.4900000000002,42.145694444444445,72,0.6274565661926542,0.5237889435291903,0.6041666666666667,0.5790025472694724,76,0
P0173,2981.65,45.176515151515154,66,0.6068362393269128,0.6328620652025518,0.47916666666666674,0.5789456978790946,77,2
P0181,2907.44,47.66295081967213,61,0.5778764653544167,0.7223438677826819,0.375,0.5748004867193978,78,2
P0245,3031.64,40.968108108108105,74,0.6263443797511824,0.4814099874119735,0.6458333333333333,0.5742173088901441,79,0
P0200,3034.98,38.910000000000004,78,0.6276477842124161,0.4073428294409003,0.7291666666666667,0.569981467040085,80,0
P0158,2932.78,44.43606060606061,66,0.5877651686620985,0.6062146001969377,0.47916666666666674,0.5625653906774046,81,2
P0126,2989.2599999999998,39.8568,75,0.6098059722460701,0.4414162509928301,0.6666666666666667,0.5595082920709531,82,0
P0186,2993.84,38.88103896103896,77,0.6115932753695582,0.4063005800861248,0.7083333333333333,0.5584982146453173,83,0
P0124,3003.27,36.625243902439024,82,0.6152732466478311,0.32511906765854115,0.8125,0.5583796010577657,84,0
P0024,2993.57,37.419625,80,0.611487910338261,0.35370724046175206,0.7708333333333333,0.5561792692861791,85,0
P0017,2979.05,39.19802631578948,76,0.6058216130996051,0.4177083153681753,0.6875,0.5550798100771517,86,0
P0076,2961.45,40.56780821917808,73,0.5989533740224467,0.4670040021323967,0.625,0.5539876130596928,87,0
P0083,2894.8,43.86060606060607,66,0.5729438209262759,0.58550515225519,0.47916666666666674,0.5498352071799588,88,2
P0123,2935.72,41.348169014084505,71,0.5889124767806689,0.49508761253316313,0.5833333333333333,0.5497087880474659,89,0
P0068,2892.38,43.8239393939394,66,0.5719994380531664,0.584185592907664,0.47916666666666674,0.5490240685790155,90,2
P0237,2816.12,46.93533333333333,60,0.5422396703245244,0.696158382632093,0.35416666666666674,0.5473852541501945,91,2
P0012,2826.82,46.34131147540984,61,0.5464152474907514,0.6747807345796133,0.375,0.5463368680790708,92,2
P0093,2960.23,36.54604938271605,81,0.5984772801773256,0.3222690166919975,0.7916666666666667,0.5459507907299966,93,0
P0270,2905.35,42.106521739130436,69,0.5770608619640042,0.5223791969074183,0.5416666666666667,0.5445699373521686,94,2
P0137,2793.74,47.35152542372881,59,0.5335060799525467,0.7111362961752108,0.33333333333333326,0.5445063424558483,95,2
P0144,2939.83,38.681973684210526,76,0.5905163667015282,0.39913662244594006,0.6875,0.5430595589888345,96,0
P0118,2894.59,41.95057971014493,69,0.5728618703463778,0.5167671579432374,0.5416666666666667,0.5410654242812083,97,2
P0188,2806.4900000000002,46.00803278688525,61,0.5384816508749201,0.6627867070676017,0.375,0.5391591780895167,98,2
P0026,2849.7,43.841538461538455,65,0.5553439582910572,0.5848189478392478,0.45833333333333326,0.5380307666230163,99,2
P0280,2885.08,41.81275362318841,69,0.5691506797995723,0.5118070751784269,0.5416666666666667,0.5379680340112425,100,0
P0005,2921.04,37.935584415584415,77,0.5831837410049484,0.37227557872843464,0.7083333333333333,0.5363653537928583,101,0
P0044,2916.55,38.37565789473685,76,0.5814315595585596,0.38811293526517443,0.6875,0.5359246419736376,102,0
P0082,2882.82,41.18314285714286,70,0.5682687354635282,0.48914865413374664,0.5625,0.5348900822925571,103,0
P0014,2732.26,47.93438596491229,57,0.5095140720852912,0.7321122709594639,0.29166666666666674,0.5331991300093729,104,2
P0051,2851.51,42.55985074626866,67,0.556050294241606,0.5386935931494319,0.5,0.5322925255322546,105,2
P0257,2769.33,46.155499999999996,60,0.5239803006415561,0.6680937545090329,0.35416666666666674,0.53068159199608,106,2
P0205,2886.4900000000002,39.540958904109594,73,0.5697009194074584,0.4300497672542396,0.625,0.5304301827239334,107,0
P0006,2802.99,44.491904761904756,63,0.5371158078766215,0.608224318683724,0.41666666666666674,0.5294244698364761,108,2
P0165,2806.6,43.853125,64,0.5385245773691522,0.5852359239792224,0.4375,0.5269017428024346,109,2
P0209,2857.3,40.81857142857143,70,0.5583097888016485,0.47602846404977583,0.5625,0.5266543222604049,110,0
P0121,2804.3,43.143076923076926,65,0.5376270233988419,0.5596827264220434,0.45833333333333326,0.52266119758847,111,2
P0056,2880.26,36.00325,80,0.567269718870487,0.3027347621657921,0.7708333333333333,0.5225248205274629,112,0
P0016,2849.41,39.033013698630135,73,0.5552307884426267,0.4117698442382034,0.625,0.5187771742280693,113,0
P0029,2753.77,44.41564516129032,62,0.5179081529119772,0.6054798895338322,0.39583333333333326,0.5163144016871261,114,2
P0002,2599.21,49.98480769230769,52,0.4575925261071133,0.8059028115982259,0.1875,0.5158888824714244,115,2
P0204,2771.04,43.2975,64,0.5246476125064391,0.5652401013664308,0.4375,0.514740324298504,116,2
P0196,2747.46,44.313870967741934,62,0.5154457331064733,0.6018172416674594,0.39583333333333326,0.5141106165989258,117,2
P0156,2773.42,42.668,65,0.5255763857452821,0.5425856665682265,0.45833333333333326,0.5122071823508753,118,2
P0095,2709.86,45.16433333333334,60,0.5007726768961803,0.632423666146597,0.35416666666666674,0.5094512695274929,119,2
P0192,2820.68,38.1172972972973,74,0.544019168630879,0.3788150586819823,0.6458333333333333,0.5084817740620566,120,0
P0145,2765.35,41.27388059701492,67,0.5224271420320622,0.49241412230160697,0.5,0.5036937915302615,121,0
P0130,2745.68,42.24123076923077,65,0.5147511043816243,0.5272271030855555,0.45833333333333326,0.5028161725487095,122,2
P0015,2753.97,41.72681818181818,66,0.5179862010833086,0.508714432043595,0.47916666666666674,0.5026316331424305,123,2
P0089,2702.73,44.307049180327866,61,0.49799025958821785,0.6015717393033939,0.375,0.5025257735978229,124,2
P0208,2787.74,38.188219178082186,73,0.5311646348126063,0.3813673940656317,0.625,0.49939634807003463,125,0
P0191,2795.55,34.09207317073171,82,0.5342124159030955,0.23395536444300036,0.8125,0.4975958705481288,126,0
P0162,2744.05,40.95597014925374,67,0.5141150117852741,0.4809731667647146,0.5,0.4966237702414681,127,0
P0174,2791.96,35.34126582278481,79,0.5328114512276979,0.27891128737601534,0.75,0.4964079503187155,128,0
P0223,2761.86,38.89943661971831,71,0.5210652014423304,0.40696267469929537,0.5833333333333333,0.49410463031241725,129,0
P0296,2778.1,35.165822784810125,79,0.5274027129544355,0.2725974464473475,0.75,0.49225979246526963,130,0
P0022,2767.12,33.33879518072289,83,0.5231178683483447,0.2068464095429572,0.8333333333333333,0.48967392432168627,131,0
P0011,2730.98,39.014,70,0.5090145637887705,0.41108557959024616,0.5625,0.4858886009727296,132,0
P0070,2708.53,40.42582089552239,67,0.5002536565568271,0.46189416485530477,0.5,0.48483376290917,133,0
P0060,2715.41,39.9325,68,0.5029385136506251,0.4441405412457673,0.5208333333333333,0.4847877705934944,134,0
P0040,2708.32,39.82823529411765,68,0.5001717059769292,0.4403882648658377,0.5208333333333333,0.48245681773941385,135,0
P0222,2655.08,42.82387096774193,62,0.4793952827685247,0.5481951481816381,0.39583333333333326,0.48184664410321265,136,2
P0120,2641.73,43.307049180327866,61,0.47418556733215744,0.5655837570981448,0.375,0.4809891730389051,137,2
P0101,2720.09,38.31112676056338,71,0.5047648408597788,0.3857905899568552,0.5833333333333333,0.4807456882406757,138,0
P0143,2720.4900000000002,37.78458333333334,72,0.5049209372024416,0.3668413544674094,0.6041666666666667,0.47946282294769627,139,0
P0109,2665.79,41.65296875,64,0.4835747623433183,0.5060567400054545,0.4375,0.4787451247051774,140,2
P0079,2716.14,37.72416666666666,72,0.5032233894759847,0.36466708054250874,0.6041666666666667,0.4780838490597989,141,0
P0211,2567.71,45.85196428571429,56,0.4452999391224265,0.6571701166246611,0.27083333333333326,0.47770802838659243,142,2
P0178,2723.04,33.617777777777775,81,0.505916051386916,0.21688643028134247,0.7916666666666667,0.4760293875286118,143,0
P0092,2712.95,35.69671052631579,76,0.5019785211432496,0.29170302504163836,0.6875,0.47352476635963026,144,0
P0269,2615.99,42.88508196721311,61,0.4641407676818131,0.5503980085413724,0.375,0.47190143372109294,145,2
P0260,2602.72,43.37866666666666,60,0.4589622715139784,0.56816112592209,0.35416666666666674,0.47120313182302953,146,2
P0035,2676.29,38.786811594202895,69,0.487672291338214,0.4029095272851808,0.5416666666666667,0.4699654983155366,147,0
P0081,2660.7599999999998,39.71283582089552,67,0.4816118508343349,0.4362352706770247,0.5,0.46897766352111037,148,0
P0106,2650.39,40.15742424242424,66,0.4775650531508048,0.45223511087966006,0.47916666666666674,0.4679135602971055,149,0
P0276,2524.29,45.896181818181816,55,0.4283556811263912,0.6587614163962625,0.25,0.46701127089642236,150,2
P0285,2645.39,40.08166666666666,66,0.4756138488675211,0.44950874859138357,0.47916666666666674,0.46623765409680973,151,0
P0001,2648.27,38.94514705882353,68,0.4767377425346925,0.40860770116840817,0.5208333333333333,0.46271440322777097,152,0
P0096,2652.61,38.4436231884058,69,0.47843138785258266,0.39055886904430737,0.5416666666666667,0.4622529639734977,153,0
P0058,2629.19,39.83621212121212,66,0.469291946989682,0.440675334777368,0.47916666666666674,0.4608077180078518,154,0
P0292,2570.82,42.847,60,0.446513588186629,0.549027515382966,0.35416666666666674,0.45981508260917514,155,1
P0277,2646.52,36.25369863013699,73,0.4760548210355432,0.31174790301049105,0.625,0.45501560751485937,156,0
P0279,2626.86,37.52657142857143,70,0.46838268579367204,0.35755602663009545,0.5625,0.4522872163901398,157,0
P0038,2603.69,39.44984848484849,66,0.4593408051449356,0.42677088710715827,0.47916666666666674,0.45226059638634397,158,1
P0112,2614.02,38.44147058823529,68,0.4633719931941994,0.39048140130767583,0.5208333333333333,0.4514541584813301,159,0
P0146,2573.44,40.84825396825397,63,0.44753601923106945,0.47709667875967754,0.41666666666666674,0.4500994772731919,160,1
P0134,2558.63,41.26822580645162,62,0.44175655214398335,0.4922106177994403,0.39583333333333326,0.4481612127629711,161,1
P0048,2580.57,39.099545454545456,66,0.4503184365390319,0.41416418788616793,0.47916666666666674,0.4445112061161768,162,1
P0229,2537.94,41.6055737704918,61,0.4336824688197556,0.5043510903262955,0.375,0.4443451767764449,163,1
P0125,2605.08,35.686027397260276,73,0.45988323993568836,0.291318560783292,0.625,0.4419923962940233,164,0
P0251,2509.27,42.53,59,0.4224942634594072,0.5376193250239021,0.33333333333333326,0.441796009047383,165,1
P0155,2519.9,41.998333333333335,60,0.42664252376566825,0.5184857144847781,0.35416666666666674,0.4416370429236117,166,1
P0116,2593.72,36.5312676056338,71,0.4554501038040678,0.32173705036139966,0.5833333333333333,0.44032985128578017,167,0
P0094,2561.42,38.80939393939394,66,0.44284532413405564,0.40372222032206917,0.47916666666666674,0.43809248536904444,168,1
P0078,2530.69,40.16968253968254,63,0.4308532226089944,0.4526762622632585,0.41666666666666674,0.43532647168800176,169,1
P0201,2563.74,37.702058823529406,68,0.4437506829214991,0.3638714638770886,0.5208333333333333,0.43492379042728513,170,0
P0297,2438.74,44.34072727272727,55,0.3949705758394081,0.6027837458933705,0.25,0.4346046711091706,171,1
P0179,2563.97,37.15898550724637,69,0.44384043831853026,0.34432735103454903,0.5416666666666667,0.43338307190937864,172,0
P0036,2579.26,33.93763157894737,76,0.4498072210168117,0.22839732318611516,0.6875,0.43255109557948956,173,0
P0151,2575.5099999999998,33.448181818181816,77,0.44834381780434873,0.21078301390532106,0.7083333333333333,0.431316350903433,174,0
P0163,2540.29,37.35720588235294,68,0.4345995348328989,0.3514609023666022,0.5208333333333333,0.42721422139651055,175,1
P0004,2423.86,43.28321428571429,56,0.38916379189235606,0.5647259873349273,0.27083333333333326,0.4238895325016777,176,1
P0057,2471.88,40.522622950819674,61,0.4079031578290122,0.46537787549877496,0.375,0.4210220975482136,177,1
P0113,2388.12,44.224444444444444,54,0.3752165836754445,0.598598961538352,0.22916666666666674,0.4207545597179742,178,1
P0226,2509.5,38.02272727272727,66,0.42258401885643826,0.3754116743206064,0.47916666666666674,0.4206898753851741,179,1
P0061,2529.2,34.64657534246575,73,0.4302717637325757,0.2539107787321371,0.625,0.4181458406126275,180,0
P0253,2480.75,39.37698412698413,63,0.41136459422755733,0.42414864589293866,0.41666666666666674,0.4180688366254427,181,1
P0235,2444.6,40.74333333333333,60,0.3972573872594165,0.4733207968171902,0.35416666666666674,0.4147555349047011,182,1
P0268,2421.09,41.74293103448276,58,0.3880828247194169,0.5092943010985638,0.3125,0.4138925678552505,183,1
P0098,2446.15,40.10081967213115,61,0.3978622605872345,0.45019802661121666,0.375,0.411937888820657,184,1
P0139,2505.24,34.794999999999995,72,0.4209215928070805,0.2592522826662995,0.6041666666666667,0.41122739090864396,185,0
P0110,2480.4,37.581818181818186,66,0.41122800992772746,0.3595442458028375,0.47916666666666674,0.4109361012994533,186,1
P0013,2501.37,35.23056338028169,71,0.41941136069181906,0.27492732984513535,0.5833333333333333,0.4107943401455998,187,0
P0108,2495.37,35.64814285714286,70,0.41706991555187867,0.2899551726276923,0.5625,0.40985304371664055,188,0
P0219,2384.4700000000003,42.579821428571435,56,0.3737922045486476,0.539412297708771,0.27083333333333326,0.40915258044810265,189,1
P0164,2485.11,36.54573529411765,68,0.41306604436258065,0.3222577132771074,0.5208333333333333,0.40907289861961715,190,1
P0263,2454.01,38.95253968253969,63,0.4009295537205565,0.4088737467791552,0.41666666666666674,0.4088283648278291,191,1
P0252,2498.62,32.033589743589744,78,0.41833819833601305,0.1598746994972149,0.7291666666666667,0.40820133929968994,192,0
P0168,2451.18,38.90761904761904,63,0.3998251720962178,0.4072571437689827,0.41666666666666674,0.4078504091364585,193,1
P0072,2464.75,36.24632352941177,68,0.4051207405210496,0.3114824880168299,0.5208333333333333,0.4023792173630468,194,1
P0097,2452.87,37.16469696969697,66,0.4004846791439677,0.3445328950435873,0.47916666666666674,0.4017085617606252,195,1
P0283,2451.06,37.13727272727272,66,0.399778343193419,0.34354595189523107,0.47916666666666674,0.40110188371611816,196,1
P0241,2464.03,35.71057971014493,69,0.40483976710425684,0.29220214898248265,0.5416666666666667,0.4008327897242701,197,1
P0141,2444.0,37.6,65,0.39702324274542256,0.3601985727520238,0.45833333333333326,0.4006864019244363,198,1
P0281,2474.69,32.13883116883117,77,0.4089997346362175,0.16366212603605845,0.7083333333333333,0.4006647708052886,199,0
P0066,2435.82,37.47415384615385,65,0.39383107253797056,0.3556696236068093,0.45833333333333326,0.39791717120411485,200,1
P0150,2454.12,35.56695652173913,69,0.4009724802147886,0.28703344023387367,0.5416666666666667,0.397605120157986,201,1
P0119,2454.55,35.065000000000005,70,0.40114028378315114,0.26896903786171733,0.5625,0.39667970027963223,202,1
P0224,2394.81,39.259180327868854,61,0.37782729500647805,0.41990912486666754,0.375,0.3938118384486104,203,1
P0232,2348.18,41.19614035087719,57,0.3596303638605748,0.48961640770697046,0.29166666666666674,0.3912356722409607,204,1
P0197,2443.2799999999997,32.148421052631576,76,0.39674226932862955,0.16400724660361798,0.6875,0.39087557944003604,205,0
P0267,2263.14,44.37529411764706,51,0.32644428141048654,0.6040277368932354,0.16666666666666674,0.38954437918044016,206,1
P0049,2424.05,35.64779411764706,68,0.3892379376551208,0.28994262219692346,0.5208333333333333,0.3889984301753056,207,1
P0152,2362.01,40.034067796610174,59,0.3650273949081374,0.44779576130280074,0.33333333333333326,0.3886265229935615,208,1
P0090,2316.88,42.12509090909091,55,0.34741582504721924,0.523047463865522,0.25,0.3884437330603746,209,1
P0075,2431.32,33.30575342465754,73,0.39207498868301527,0.20565730341364707,0.625,0.3873854179703634,210,0
P0046,2357.72,39.29533333333333,60,0.3633532616330799,0.42121019858398934,0.35416666666666674,0.38374005792351973,211,1
P0239,2381.33,37.79888888888889,63,0.3725668482587453,0.36735618254617886,0.41666666666666674,0.3837125274960952,212,1
P0207,2372.18,38.26096774193548,62,0.36899614442033624,0.3839854680870416,0.39583333333333326,0.3830430305609175,213,1
P0262,2372.07,38.2591935483871,62,0.36895321792610414,0.38392161844119377,0.39583333333333326,0.38300461275430875,214,1
P0244,2398.41,35.79716417910448,67,0.3792321620904422,0.2953181493106498,0.5,0.38189690835139256,215,1
P0246,2342.73,39.707288135593224,59,0.35750355119179567,0.43603562067708523,0.33333333333333326,0.38166531362837275,216,1
P0133,2411.38,31.31662337662338,77,0.38429358600128005,0.1340725266410674,0.7083333333333333,0.38141708645681094,217,0
P0189,2373.7,37.67777777777778,63,0.3695893105224545,0.36299763803465424,0.41666666666666674,0.38107584837059805,218,1
P0103,2349.74,39.16233333333333,60,0.3602391395969592,0.4164237969506912,0.35416666666666674,0.38089126065936424,219,1
P0206,2385.41,34.57115942028985,69,0.3741590309539048,0.2511967118668783,0.5416666666666667,0.3752263940329228,220,1
P0175,2210.46,44.2092,50,0.3058863930818102,0.5980503447429566,0.14583333333333326,0.37473605582172564,221,1
P0136,2313.02,39.87965517241379,58,0.3459094953405242,0.4422387625309554,0.3125,0.3744183536145394,222,1
P0034,2321.54,39.34813559322034,59,0.34923434743923953,0.4231104453732,0.33333333333333326,0.37401448238105184,223,1
P0122,2294.58,40.25578947368421,57,0.33871345394377417,0.45577507707185916,0.29166666666666674,0.3714240670118759,224,1
P0059,2237.08,42.20905660377358,53,0.3162746046860122,0.5260692197916135,0.20833333333333326,0.367810069322449,225,1
P0299,2277.0,39.94736842105263,57,0.3318530196837489,0.44467562571802954,0.29166666666666674,0.3649261561923365,226,1
P0053,2355.14,30.586233766233764,77,0.36234644022290563,0.10778727833946711,0.7083333333333333,0.3643188434026585,227,0
P0225,2347.52,34.52235294117647,68,0.3593728048951813,0.24944026516504514,0.5208333333333333,0.36383794753457244,228,1
P0182,2181.2400000000002,43.62480000000001,50,0.2944835552503007,0.5770189679422091,0.14583333333333326,0.36290265375197384,229,1
P0278,2338.66,34.39205882352941,68,0.3559152709052027,0.2447512427777141,0.5208333333333333,0.3609250783826464,230,1
P0041,2231.57,41.32537037037037,54,0.3141243775658338,0.49426713534887523,0.22916666666666674,0.36069416740930027,231,1
P0160,2322.93,35.73738461538461,65,0.3497767822299923,0.2931668034352619,0.45833333333333326,0.3596997560431024,232,1
P0180,2237.56,40.68290909090909,55,0.31646192029720743,0.47114625025606105,0.25,0.35839707619158667,233,1
P0240,2301.9,35.9671875,64,0.3415700170145014,0.30143694555751543,0.4375,0.3542957833273566,234,1
P0272,2219.9,40.36181818181819,55,0.30957026676864974,0.45959083633343023,0.25,0.35170741456396704,235,1
P0129,2289.55,35.77421875,64,0.33675054243479086,0.2944923896163463,0.4375,0.3500721185769758,236,1
P0293,2307.22,32.96028571428571,70,0.3436460983719152,0.19322461760029763,0.5625,0.3491336765516936,237,1
P0288,2215.45,39.56160714285714,56,0.3078336949565271,0.4307928557028562,0.27083333333333326,0.3459172507681006,238,1
P0074,2277.19,35.58109375,64,0.3319271654465137,0.2875422105529575,0.4375,0.3458450338551371,239,1
P0153,2290.76,31.816111111111113,72,0.3372227338713455,0.1520480823415522,0.6041666666666667,0.3432360530980246,240,1
P0077,2235.41,37.88830508474576,59,0.3156229024553955,0.37057409101153693,0.33333333333333326,0.3429165071412334,241,1
P0025,2203.3,39.34464285714286,56,0.3030922685481481,0.42298474884939585,0.27083333333333326,0.34137158010420277,242,1
P0194,2168.74,40.91962264150943,53,0.2896055445420913,0.47966509330280727,0.20833333333333326,0.34124770068375027,243,1
P0054,2209.7,38.766666666666666,57,0.3055898100307509,0.40218455199148107,0.29166666666666674,0.3400507638058177,244,1
P0210,2245.2,36.21290322580645,62,0.3194433604420648,0.3102797587253878,0.39583333333333326,0.33869491162277454,245,1
P0213,2262.42,33.767462686567164,67,0.32616330799369375,0.22227328811524938,0.5,0.3367583076442079,246,1
P0128,2087.17,42.59530612244898,49,0.2577735978646021,0.5399695605964898,0.125,0.3308199035979766,247,1
P0065,2191.82,37.790000000000006,58,0.2986123035137288,0.3670362893710213,0.3125,0.33014820680252716,248,1
P0008,2217.14,35.76032258064516,62,0.308493202004277,0.29399229452088305,0.39583333333333326,0.32889487840963627,249,1
P0193,2065.24,43.02583333333333,48,0.2492156158781199,0.5554633662006714,0.10416666666666674,0.3282000312437045,250,1
P0138,2228.55,33.76590909090909,66,0.31294585017873044,0.22221737734235258,0.47916666666666674,0.3265207059905602,251,1
P0062,2226.93,33.74136363636364,66,0.3123136599909464,0.22133403596095103,0.47916666666666674,0.32597771238166434,252,1
P0007,2171.21,38.09140350877193,57,0.2905694394580336,0.37788319348130495,0.29166666666666674,0.3258241092299321,253,1
P0183,2183.81,37.01372881355932,59,0.2954864742519083,0.33909985572694623,0.33333333333333326,0.324285884566351,254,1
P0166,2156.74,38.513214285714284,56,0.28492265426221064,0.39306331221588864,0.27083333333333326,0.3239521211650186,255,1
P0261,2160.0,37.89473684210526,57,0.28619483945491164,0.3708055569809392,0.29166666666666674,0.3216806746288492,256,1
P0271,2076.54,41.5308,50,0.25362533755834105,0.501660133204417,0.14583333333333326,0.32050165454926915,257,1
P0295,2205.55,33.41742424242425,66,0.3039703104756257,0.20967611081628101,0.47916666666666674,0.31881153746920016,258,1
P0115,2187.47,34.17921875,64,0.2969147557872719,0.23709155799897363,0.4375,0.31516104993577104,259,1
P0033,2192.55,33.22045454545455,66,0.2988971793390882,0.2025875688667622,0.47916666666666674,0.3144541813484314,260,1
P0100,2192.7,31.778260869565216,69,0.2989557154675866,0.1506859285223341,0.5416666666666667,0.31246108604920964,261,1
P0282,2184.61,33.100151515151516,66,0.2957986669372338,0.19825810555297907,0.47916666666666674,0.3117928423023618,262,1
P0236,2125.58,36.64793103448276,58,0.27276274916878696,0.3259355317628192,0.3125,0.3059530374557638,263,1
P0215,2155.63,32.66106060606061,66,0.2844894869113218,0.18245610973012893,0.47916666666666674,0.30207928996544814,264,1
P0284,2156.87,30.81242857142857,70,0.284973385573576,0.11592757296373746,0.5625,0.3006130448575678,265,1
P0023,2116.88,35.879322033898305,59,0.26936765371587357,0.2982748447269916,0.33333333333333326,0.30012023400555865,266,1
P0230,2146.47,30.66385714285714,70,0.280914880664346,0.11058078703610041,0.5625,0.297256779013744,267,1
P0021,2068.79,37.614363636363635,55,0.2506009709192514,0.36071549104188083,0.25,0.29446648769252776,268,1
P0199,2122.81,33.69539682539683,63,0.2716817819958479,0.21967978318584525,0.41666666666666674,0.2943764478730925,269,1
P0111,2122.5099999999998,32.653999999999996,65,0.27156470973885083,0.18220201276486114,0.45833333333333326,0.2918502180275997,270,1
P0085,2097.77,32.77765625,64,0.26191015094516334,0.18665215168942928,0.4375,0.2844839059593207,271,1
P0135,2091.6,33.199999999999996,63,0.25950236485959133,0.20185145104892732,0.41666666666666674,0.28359128987744836,272,1
P0010,2087.49,33.1347619047619,63,0.2578984749387322,0.19950366363839445,0.41666666666666674,0.28217100793697747,273,1
P0258,2051.61,35.99315789473685,57,0.2438966330018889,0.30237156766116824,0.29166666666666674,0.28161761696503396,274,1
P0088,2089.26,32.14246153846154,65,0.2585892012550147,0.16379277571371476,0.45833333333333326,0.2805938706619903,275,1
P0140,2039.54,36.42035714285714,56,0.23918642586204208,0.31774560660061724,0.27083333333333326,0.2801041703988595,276,1
P0149,2087.18,32.110461538461536,65,0.2577775002731686,0.16264116028314657,0.45833333333333326,0.2798897141952092,277,1
P0218,2067.45,33.89262295081967,61,0.2500780481713313,0.2267775534779728,0.375,0.2782344358425885,278,1
P0238,1947.96,38.19529411764706,51,0.2034481682094189,0.3816220068647955,0.16666666666666674,0.2636832532087439,279,1
P0105,2007.34,34.609310344827584,58,0.2266206702776954,0.25256968666025603,0.3125,0.262764075747411,280,1
P0148,2021.01,31.57828125,64,0.2319552627881929,0.14348906553200846,0.4375,0.25823220504926125,281,1
P0216,1987.66,33.68915254237288,59,0.2189407302186911,0.219455064039495,0.33333333333333326,0.2534642446814053,282,1
P0099,1928.57,34.43875,56,0.19588139799884496,0.24643156400567978,0.27083333333333326,0.2385870450019254,283,1
P0159,1963.9,29.311940298507466,67,0.2096686074645272,0.06192802769866779,0.5,0.23767179331882526,284,1
P0249,1952.96,28.30376811594203,69,0.20539937249270257,0.025645945132675596,0.5416666666666667,0.234378189800881,285,1
P0287,1873.38,36.73294117647059,51,0.17434400511996018,0.328994875239943,0.16666666666666674,0.23390115163196526,286,1
P0131,1931.38,27.59114285714286,70,0.1969779748060504,0.0,0.5625,0.2278433924418151,287,1
P0154,1925.59,31.05790322580645,62,0.1947184802460078,0.1247617104573282,0.39583333333333326,0.2270702282567336,288,1
P0003,1919.97,31.474918032786885,61,0.19252532663159705,0.1397692319102657,0.375,0.22616529075358538,289,1
P0030,1928.56,28.784477611940297,67,0.19587749559027834,0.042945709920555464,0.5,0.22594153264530567,290,1
P0073,1841.73,28.334307692307693,65,0.16199288200677464,0.026745002863479028,0.45833333333333326,0.19679586574742397,291,1
P0080,1826.15,29.936885245901642,61,0.15591292946006285,0.08441853534474975,0.375,0.19304129297591877,292,1
P0043,1818.6200000000001,30.824067796610173,59,0.1529744158094377,0.11634644519245585,0.33333333333333326,0.19243090281981362,293,1
P0107,1740.44,35.51918367346939,49,0.12246538563601461,0.28531419182044826,0.125,0.1883652924189837,294,1
P0102,1761.11,30.36396551724138,58,0.13053166414310913,0.09978829254993715,0.3125,0.1728248162629076,295,1
P0031,1652.15,36.714444444444446,45,0.0880110204017921,0.3283292151769308,0.04166666666666674,0.17023499219130997,296,1
P0185,1649.5,31.12264150943396,53,0.08697688213165167,0.12709151065651358,0.20833333333333326,0.13942966890210093,297,1
P0087,1522.7,31.722916666666666,48,0.03749434150757858,0.14869420233325736,0.10416666666666674,0.10197598338557654,298,1
P0020,1426.62,33.17720930232558,43,0.0,0.2010312598265751,0.0,0.08041250393063004,299,1
P0161,1478.93,28.998627450980393,51,0.020413499211713537,0.05065253051718743,0.16666666666666674,0.07638506197038906,300,1
